project_accession, # PSMS, species, status,# mzids
PXD021914,379699,human,done,180
PXD022377,418876,Rhodotorula toruloides,done,66
PXD003613,800790,human,done,96
PXD005768,563469,mouse,done,42
PXD011427,280719,Vibrio cyclitrophicus 1f53,done,62
PXD021233,538581,mouse,done,192
PXD010431,339652,Aspergillus niger,done,52
PXD006920,260458,mouse,done,78
PXD023354,223800,human,done,72
PXD010515,348458,Trichodesmium erythraeum ims101,done,72
PXD010142,168882,human,done,96
PXD010150,680455,human,done,58
PXD006442,104141,human,done,69
PXD010610,326512,mouse,done,60
PXD004312,302094,human,done,80
PXD003672,346968,Pelagibacter ubique,done,98
PXD005701,21958,Pisum sativum (garden pea),done,1
PXD002317,152035,Caenorhabditis elegans,done,56
PXD026461,421616,mouse,done,16
PXD001924,274076,Burkholderia cenocepacia h111,done,40
PXD011160,29228,meta-proteomics,done,36
PXD012491,123204,Bradyrhizobium diazoefficiens,done,6
PXD011199,3889,mouse,done,67
PXD000521,0,Arabidopsis thaliana (mouse-ear cress),error,1
PXD000565,0,Arabidopsis thaliana (mouse-ear cress),error,1
PXD000566,0,Arabidopsis thaliana (mouse-ear cress),error,1
PXD000567,0,Arabidopsis thaliana (mouse-ear cress),error,1
PXD000568,0,Arabidopsis thaliana (mouse-ear cress),error,1
PXD000894,0,Schizosaccharomyces pombe 927,error,1
PXD000908,0,Arabidopsis thaliana (mouse-ear cress),error,1
PXD000923,0,Rice(o. sativa),error,1
PXD000941,0,Arabidopsis thaliana (mouse-ear cress),error,1
PXD000942,0,Arabidopsis thaliana (mouse-ear cress),error,1
PXD001012,0,human,error,1
PXD001013,0,human,error,1
PXD001014,0,human,error,1
PXD001015,0,human,error,1
PXD001016,0,human,error,1
PXD001045,,Biofilm metagenome,,1
PXD001073,,Russula atropurpurea,,1
PXD001077,,Pyrococcus furiosus,,1
PXD001285,,Apteronotus leptorhynchus,,1
PXD001340,,,,1
PXD001390,,,,1
PXD001499,,,,1
PXD001714,,,,1
PXD001940,,,,1
PXD001952,,,,1
PXD001968,,,,1
PXD002006,,,,1
PXD002163,,,,1
PXD002253,,,,1
PXD002308,,,,1
PXD002309,,,,1
PXD002310,,,,1
PXD002311,,,,1
PXD002720,,,,1
PXD002772,,,,1
PXD002883,,,,1
PXD003346,,,,1
PXD003575,,,,1
PXD003579,,,,1
PXD003600,,,,1
PXD003601,,Solanum lycopersicum,,1
PXD003602,,Solanum lycopersicum,,1
PXD003927,,human,,1
PXD004004,,Mus musculus (mouse),,1
PXD004154,,human,,1
PXD004205,,human,,1
PXD004540,,,,1
PXD004670,,,,1
PXD004703,,,,1
PXD004760,,,,1
PXD004865,,,,1
PXD004890,,,,1
PXD005101,,,,1
PXD005473,,,,1
PXD005585,,,,1
PXD005700,,,,1
PXD005744,,,,1
PXD005992,,,,1
PXD006012,,,,1
PXD006013,,,,1
PXD006014,,,,1
PXD006308,,,,1
PXD006504,,,,1
PXD006506,,,,1
PXD006552,,,,1
PXD006858,,,,1
PXD006880,,,,1
PXD006927,,,,1
PXD006929,,,,1
PXD006930,,,,1
PXD006994,,,,1
PXD007045,,,,1
PXD007282,,,,1
PXD007716,,,,1
PXD007836,,,,1
PXD007989,,,,1
PXD009165,,,,1
PXD010104,,,,1
PXD010252,,,,1
PXD010737,,,,1
PXD010908,,,,1
PXD010910,,,,1
PXD011361,,,,1
PXD011467,,,,1
PXD011723,,,,1
PXD011743,,,,1
PXD011794,,,,1
PXD011826,,,,1
PXD011988,,,,1
PXD012029,,,,1
PXD012046,,,,1
PXD012213,,,,1
PXD012753,,,,1
PXD012754,,,,1
PXD012786,,,,1
PXD013876,,,,1
PXD013878,,,,1
PXD013880,,,,1
PXD013882,,,,1
PXD019298,,,,1
PXD019403,,,,1
PXD019436,,,,1
PXD019466,,,,1
PXD020167,,,,1
PXD020216,,,,1
PXD020262,,,,1
PXD020279,,,,1
PXD020384,,,,1
PXD020418,,,,1
PXD020499,,,,1
PXD020510,,human,,1
PXD020515,,human,,1
PXD020666,,human,,1
PXD020670,,mouse,,1
PXD020757,,Pyrodictium delaneyi,,1
PXD020856,,human,,1
PXD020912,,Citrus sinensis (sweet orange) (citrus aurantium var. sinensis),,1
PXD021227,,Caenorhabditis elegans,,1
PXD021383,,multi-species,,1
PXD021387,,human,,1
PXD021413,,human,,1
PXD021756,,Gallus gallus (chicken),,1
PXD021757,,human,,1
PXD021897,,Drosophila melanogaster (fruit fly),,1
PXD022066,,,,1
PXD022128,,,,1
PXD022441,,,,1
PXD022520,,,,1
PXD022555,,,,1
PXD022626,,,,1
PXD022695,,,,1
PXD022704,,,,1
PXD022826,,,,1
PXD022833,,,,1
PXD022865,,,,1
PXD022905,,,,1
PXD022949,,,,1
PXD023015,,,,1
PXD023063,,,,1
PXD023341,,,,1
PXD024756,,,,1
PXD025235,,,,1
PXD025383,,,,1
PXD025506,,,,1
PXD025681,,,,1
PXD026090,,,,1
PXD026212,,,,1
PXD000121,,,,1
PXD000083,,,,1
PXD000095,,,,1
PXD000623,,,,1
PXD000910,,,,1
PXD001432,,,,1
PXD001509,,,,1
PXD001901,,,,1
PXD001953,,,,1
PXD002106,,,,1
PXD002117,,,,1
PXD002725,,,,1
PXD003639,,,,1
PXD003633,,,,1
PXD003724,,,,1
PXD003723,,,,1
PXD003725,,,,1
PXD004572,,,,1
PXD004863,,,,1
PXD004955,,,,1
PXD004956,,,,1
PXD005119,,,,1
PXD005403,,,,1
PXD006046,,,,1
PXD006554,,,,1
PXD006661,,,,1
PXD006712,,,,1
PXD006857,,,,1
PXD007068,,,,1
PXD007178,,,,1
PXD007268,,,,1
PXD007267,,,,1
PXD008261,,,,1
PXD008986,,,,1
PXD009088,,,,1
PXD009038,,,,1
PXD008754,,,,1
PXD009125,,,,1
PXD009118,,,,1
PXD009064,,,,1
PXD008453,,,,1
PXD008882,,,,1
PXD008305,,,,1
PXD008547,,,,1
PXD008681,,,,1
PXD008385,,,,1
PXD008207,,,,1
PXD008958,,,,1
PXD009065,,,,1
PXD009252,,,,1
PXD009754,,,,1
PXD009751,,,,1
PXD009755,,,,1
PXD009451,,,,1
PXD009456,,,,1
PXD009694,,,,1
PXD009693,,,,1
PXD009750,,,,1
PXD009364,,,,1
PXD009753,,,,1
PXD009573,,,,1
PXD009296,,,,1
PXD009607,,,,1
PXD009752,,,,1
PXD009749,,,,1
PXD009848,,,,1
PXD009960,,,,1
PXD009981,,,,1
PXD009909,,,,1
PXD010018,,,,1
PXD009983,,,,1
PXD010062,,,,1
PXD010218,,,,1
PXD010401,,,,1
PXD010430,,,,1
PXD010459,,,,1
PXD010474,,,,1
PXD010965,,,,1
PXD011062,,,,1
PXD011204,,,,1
PXD011496,,,,1
PXD011534,,,,1
PXD011655,,,,1
PXD011681,,,,1
PXD011936,,,,1
PXD011955,,,,1
PXD011999,,,,1
PXD012034,,,,1
PXD012160,,,,1
PXD012317,,,,1
PXD012454,,,,1
PXD012422,,,,1
PXD012520,,,,1
PXD012523,,,,1
PXD012698,,,,1
PXD012749,,,,1
PXD012751,,,,1
PXD012770,,,,1
PXD012792,,,,1
PXD012911,,,,1
PXD012984,,,,1
PXD012990,,,,1
PXD013210,,,,1
PXD013150,,,,1
PXD013086,,,,1
PXD013064,,,,1
PXD013158,,,,1
PXD013211,,,,1
PXD013178,,,,1
PXD013092,,,,1
PXD013645,,,,1
PXD013449,,,,1
PXD013875,,,,1
PXD013479,,,,1
PXD013329,,,,1
PXD013390,,,,1
PXD013445,,,,1
PXD013350,,,,1
PXD013815,,,,1
PXD013901,,,,1
PXD014779,,,,1
PXD014163,,,,1
PXD014001,,,,1
PXD014821,,,,1
PXD013999,,,,1
PXD014806,,,,1
PXD014929,,,,1
PXD014413,,,,1
PXD014769,,,,1
PXD014551,,,,1
PXD014774,,,,1
PXD014916,,,,1
PXD014070,,,,1
PXD016109,,,,1
PXD018124,,,,1
PXD015088,,,,1
PXD017161,,,,1
PXD015393,,,,1
PXD018843,,,,1
PXD017935,,,,1
PXD019107,,,,1
PXD016128,,,,1
PXD018781,,,,1
PXD017968,,,,1
PXD016293,,,,1
PXD014967,,,,1
PXD019017,,,,1
PXD017828,,,,1
PXD016932,,,,1
PXD017661,,,,1
PXD018784,,,,1
PXD019157,,,,1
PXD017730,,,,1
PXD016571,,,,1
PXD017621,,,,1
PXD015253,,,,1
PXD016884,,,,1
PXD017708,,,,1
PXD015561,,,,1
PXD018982,,,,1
PXD015661,,,,1
PXD016871,,,,1
PXD019104,,,,1
PXD015424,,,,1
PXD015414,,,,1
PXD016816,,,,1
PXD016291,,,,1
PXD017818,,,,1
PXD015375,,,,1
PXD015389,,,,1
PXD018779,,,,1
PXD018769,,,,1
PXD015280,,,,1
PXD017789,,,,1
PXD017678,,,,1
PXD016872,,,,1
PXD015239,,,,1
PXD015218,,,,1
PXD016145,,,,1
PXD018653,,,,1
PXD015735,,,,1
PXD018553,,,,1
PXD018915,,,,1
PXD017683,,,,1
PXD017656,,,,1
PXD016024,,,,1
PXD018234,,,,1
PXD018943,,,,1
PXD019129,,,,1
PXD016220,,,,1
PXD018780,,,,1
PXD016103,,,,1
PXD017223,,,,1
PXD017532,,,,1
PXD019942,,,,1
PXD019720,,,,1
PXD019872,,,,1
PXD019867,,,,1
PXD019605,,,,1
PXD019693,,,,1
PXD019606,,,,1
PXD019910,,,,1
PXD019944,,,,1
PXD019501,,,,1
PXD019702,,,,1
PXD019904,,,,1
PXD020225,,,,1
PXD020370,,,,1
PXD020375,,,,1
PXD020397,,,,1
PXD020762,,,,1
PXD020861,,,,1
PXD021040,,,,1
PXD021096,,,,1
PXD021082,,,,1
PXD021139,,,,1
PXD021249,,,,1
PXD021271,,,,1
PXD021632,,,,1
PXD021727,,,,1
PXD021930,,,,1
PXD021927,,,,1
PXD021998,,,,1
PXD021994,,,,1
PXD022220,,,,1
PXD022242,,,,1
PXD022302,,,,1
PXD022347,,,,1
PXD022398,,,,1
PXD022472,,,,1
PXD022689,,,,1
PXD023042,,,,1
PXD023076,,,,1
PXD023289,,,,1
PXD023922,,,,1
PXD024194,,,,1
PXD023660,,,,1
PXD024191,,,,1
PXD024549,,,,1
PXD024501,,,,1
PXD024605,,,,1
PXD023753,,,,1
PXD023885,,,,1
PXD023963,,,,1
PXD024500,,,,1
PXD024138,,,,1
PXD024231,,,,1
PXD023866,,,,1
PXD023444,,,,1
PXD023964,,,,1
PXD023984,,,,1
PXD023407,,,,1
PXD024447,,,,1
PXD024728,,,,1
PXD024975,,,,1
PXD024790,,,,1
PXD025088,,,,1
PXD025000,,,,1
PXD025068,,,,1
PXD025094,,,,1
PXD025096,,,,1
PXD025085,,,,1
PXD025022,,,,1
PXD024796,,,,1
PXD024993,,,,1
PXD025072,,,,1
PXD025223,,,,1
PXD025225,,,,1
PXD025167,,,,1
PXD025320,,,,1
PXD025515,,,,1
PXD025759,,,,1
PXD025974,,,,1
PXD025966,,,,1
PXD025765,,,,1
PXD025822,,,,1
PXD025746,,,,1
PXD026117,,,,1
PXD026435,,,,1
PXD026495,,,,1
PXD026331,,,,1
PXD026299,,,,1
PXD026419,,,,1
PXD026315,,,,1
PXD026304,,,,1
PXD026693,,,,1
PXD026771,,,,1
PXD026622,,,,1
PXD026867,,,,1
PXD026623,,,,1
PXD026587,,,,1
PXD026731,,,,1
PXD026619,,,,1
PXD026941,,,,1
PXD026722,,,,1
PXD026694,,,,1
PXD026685,,,,1
PXD030054,,,,1
PXD033299,,,,1
PXD030394,,,,1
PXD028958,,,,1
PXD027090,,,,1
PXD029244,,,,1
PXD033022,,,,1
PXD030951,,,,1
PXD027806,,,,1
PXD034138,,,,1
PXD027719,,,,1
PXD033149,,,,1
PXD033847,,,,1
PXD028086,,,,1
PXD027654,,,,1
PXD029193,,,,1
PXD029627,,,,1
PXD027901,,,,1
PXD029129,,,,1
PXD028947,,,,1
PXD032738,,,,1
PXD036333,,human,,1
PXD031866,,,,1
PXD029398,,,,1
PXD030436,,,,1
PXD032317,,,,1
PXD033451,,,,1
PXD028082,,,,1
PXD028702,,,,1
PXD027802,,,,1
PXD030244,,,,1
PXD030213,,,,1
PXD027808,,,,1
PXD028081,,,,1
PXD028534,,,,1
PXD031347,,,,1
PXD036323,,human,,1
PXD027906,,,,1
PXD028112,,,,1
PXD030067,,,,1
PXD027784,,,,1
PXD030379,,,,1
PXD027662,,,,1
PXD033327,,,,1
PXD030941,,,,1
PXD031202,,,,1
PXD033170,,,,1
PXD029101,,,,1
PXD029852,,,,1
PXD032722,,,,1
PXD032784,,,,1
PXD027467,,,,1
PXD030300,,,,1
PXD031843,,,,1
PXD032788,,,,1
PXD030496,,,,1
PXD029911,,,,1
PXD032356,,,,1
PXD028931,,,,1
PXD031258,,,,1
PXD031891,,,,1
PXD029711,,,,1
PXD030110,,,,1
PXD032733,,,,1
PXD029850,,,,1
PXD030781,,,,1
PXD027841,,,,1
PXD027547,,,,1
PXD028539,,,,1
PXD030843,,,,1
PXD029978,,,,1
PXD028597,,,,1
PXD031142,,,,1
PXD032362,,,,1
PXD033300,,,,1
PXD028898,,,,1
PXD027837,,,,1
PXD029894,,,,1
PXD028811,,,,1
PXD027655,,,,1
PXD030319,,,,1
PXD028043,,,,1
PXD028427,,,,1
PXD030459,,,,1
PXD027708,,,,1
PXD031041,,,,1
PXD029558,,,,1
PXD027807,,,,1
PXD031706,,,,1
PXD029851,,,,1
PXD027744,,,,1
PXD027774,,,,1
PXD032370,,,,1
PXD034332,,,,1
PXD028564,,,,1
PXD000887,,,,2
PXD001623,,,,2
PXD001827,,,,2
PXD002840,,,,2
PXD003199,,,,2
PXD003200,,,,2
PXD004016,,,,2
PXD004675,,,,2
PXD005137,,,,2
PXD005283,,,,2
PXD005699,,,,2
PXD005740,,,,2
PXD005908,,,,2
PXD005989,,,,2
PXD006466,,,,2
PXD006503,,,,2
PXD007148,,,,2
PXD007287,,,,2
PXD007528,,,,2
PXD007935,,,,2
PXD007949,,,,2
PXD010495,,,,2
PXD010579,,,,2
PXD011109,,,,2
PXD011306,,,,2
PXD011371,,,,2
PXD011498,,,,2
PXD011622,,,,2
PXD011692,,,,2
PXD012177,,,,2
PXD012921,,,,2
PXD012979,,,,2
PXD013008,,,,2
PXD020211,,,,2
PXD020634,,,,2
PXD020943,,,,2
PXD021328,,,,2
PXD021420,,,,2
PXD021901,,,,2
PXD022407,,,,2
PXD022556,,,,2
PXD022811,,,,2
PXD022858,,,,2
PXD022869,,,,2
PXD022930,,,,2
PXD023338,,,,2
PXD023352,,,,2
PXD025483,,,,2
PXD026216,,,,2
PXD000223,,,,2
PXD000237,,,,2
PXD000150,,,,2
PXD000112,,,,2
PXD001762,,,,2
PXD002021,,,,2
PXD002237,,,,2
PXD002888,,,,2
PXD003445,,,,2
PXD003884,,,,2
PXD003935,,,,2
PXD004515,,,,2
PXD004517,,,,2
PXD004723,,,,2
PXD004967,,,,2
PXD005043,,,,2
PXD006254,,,,2
PXD006574,,,,2
PXD006928,,,,2
PXD007221,,,,2
PXD008786,,,,2
PXD008220,,,,2
PXD008387,,,,2
PXD008465,,,,2
PXD009128,,,,2
PXD009542,,,,2
PXD009747,,,,2
PXD009237,,,,2
PXD009427,,,,2
PXD009362,,,,2
PXD009650,,,,2
PXD009938,,,,2
PXD010025,,,,2
PXD010181,,,,2
PXD010285,,,,2
PXD010592,,,,2
PXD011286,,,,2
PXD011843,,,,2
PXD012176,,,,2
PXD012198,,,,2
PXD012466,,,,2
PXD012485,,,,2
PXD012556,,,,2
PXD012560,,,,2
PXD012928,,,,2
PXD013006,,,,2
PXD013349,,,,2
PXD013605,,,,2
PXD013484,,,,2
PXD013764,,,,2
PXD013869,,,,2
PXD013592,,,,2
PXD014033,,,,2
PXD014917,,,,2
PXD013933,,,,2
PXD014205,,,,2
PXD014165,,,,2
PXD014871,,,,2
PXD014938,,,,2
PXD014178,,,,2
PXD014382,,,,2
PXD017847,,,,2
PXD015880,,,,2
PXD016704,,,,2
PXD017229,,,,2
PXD015079,,,,2
PXD016429,,,,2
PXD018783,,,,2
PXD017799,,,,2
PXD018972,,,,2
PXD017215,,,,2
PXD018176,,,,2
PXD015949,,,,2
PXD015536,,,,2
PXD018159,,,,2
PXD019289,,,,2
PXD016153,,,,2
PXD018291,,,,2
PXD016331,,,,2
PXD018790,,,,2
PXD018806,,,,2
PXD018804,,,,2
PXD018001,,,,2
PXD017283,,,,2
PXD019059,,,,2
PXD017792,,,,2
PXD016846,,,,2
PXD018681,,,,2
PXD018918,,,,2
PXD017994,,,,2
PXD018632,,,,2
PXD016724,,,,2
PXD018749,,,,2
PXD017655,,,,2
PXD018914,,,,2
PXD018207,,,,2
PXD017825,,,,2
PXD018867,,,,2
PXD017239,,,,2
PXD017934,,,,2
PXD018029,,,,2
PXD018810,,,,2
PXD018682,,,,2
PXD018380,,,,2
PXD018373,,,,2
PXD015558,,,,2
PXD015643,,,,2
PXD016147,,,,2
PXD015111,,,,2
PXD019462,,,,2
PXD019799,,,,2
PXD019917,,,,2
PXD019676,,,,2
PXD019491,,,,2
PXD019922,,,,2
PXD019868,,,,2
PXD019637,,,,2
PXD019846,,,,2
PXD019733,,,,2
PXD019577,,,,2
PXD019928,,,,2
PXD019590,,,,2
PXD019750,,,,2
PXD020124,,,,2
PXD020688,,,,2
PXD021391,,,,2
PXD021518,,,,2
PXD021662,,,,2
PXD021942,,,,2
PXD021996,,,,2
PXD022191,,,,2
PXD023133,,,,2
PXD023251,,,,2
PXD024059,,,,2
PXD024539,,,,2
PXD024239,,,,2
PXD023591,,,,2
PXD023656,,,,2
PXD024161,,,,2
PXD023546,,,,2
PXD024483,,,,2
PXD024250,,,,2
PXD024253,,,,2
PXD024418,,,,2
PXD023781,,,,2
PXD024236,,,,2
PXD023851,,,,2
PXD024412,,,,2
PXD024449,,,,2
PXD024664,,,,2
PXD024966,,,,2
PXD025073,,,,2
PXD025066,,,,2
PXD025176,,,,2
PXD025339,,,,2
PXD025527,,,,2
PXD025896,,,,2
PXD025728,,,,2
PXD026301,,,,2
PXD026888,,,,2
PXD026791,,,,2
PXD026803,,,,2
PXD026621,,,,2
PXD028554,,,,2
PXD028162,,,,2
PXD031736,,,,2
PXD027544,,,,2
PXD031606,,,,2
PXD033537,,,,2
PXD029361,,,,2
PXD033858,,,,2
PXD030803,,,,2
PXD030991,,,,2
PXD031266,,,,2
PXD030302,,,,2
PXD028141,,,,2
PXD029395,,,,2
PXD030069,,,,2
PXD033000,,,,2
PXD031583,,,,2
PXD027272,,,,2
PXD030935,,,,2
PXD032947,,,,2
PXD031974,,,,2
PXD036285,,Arabidopsis thaliana (mouse-ear cress),,2
PXD029397,,,,2
PXD035010,,human,,2
PXD032065,,,,2
PXD033416,,,,2
PXD034601,,Oculina patagonica,,2
PXD029455,,,,2
PXD031934,,,,2
PXD028582,,,,2
PXD029460,,,,2
PXD029963,,,,2
PXD027499,,,,2
PXD033530,,,,2
PXD028867,,,,2
PXD027202,,,,2
PXD027076,,,,2
PXD027051,,,,2
PXD029006,,,,2
PXD029904,,,,2
PXD031738,,,,2
PXD033864,,,,2
PXD030609,,,,2
PXD030665,,,,2
PXD029648,,,,2
PXD027182,,,,2
PXD028825,,human,,2
PXD029825,0,Rattus norvegicus (rat),error,2
PXD000498,,,,3
PXD000921,,,,3
PXD000933,,,,3
PXD001090,,,,3
PXD001177,,,,3
PXD001417,,,,3
PXD001420,,,,3
PXD001423,,,,3
PXD001506,,,,3
PXD001518,,,,3
PXD001519,,,,3
PXD001520,,,,3
PXD001524,,,,3
PXD001656,,,,3
PXD001932,,,,3
PXD002120,,,,3
PXD002259,,,,3
PXD002262,,,,3
PXD002263,,,,3
PXD003192,,,,3
PXD003212,,,,3
PXD003356,,,,3
PXD003551,,,,3
PXD003779,,,,3
PXD004267,,,,3
PXD005090,,,,3
PXD005580,,,,3
PXD005613,,,,3
PXD005718,,,,3
PXD006156,,,,3
PXD006353,,,,3
PXD006375,,,,3
PXD006484,,,,3
PXD006601,,,,3
PXD006615,,,,3
PXD006938,,,,3
PXD007580,,,,3
PXD007601,,,,3
PXD007681,,,,3
PXD010145,,,,3
PXD010548,,,,3
PXD010549,,,,3
PXD011123,,,,3
PXD011377,,,,3
PXD011578,,,,3
PXD011581,,,,3
PXD012832,,,,3
PXD012964,,,,3
PXD019412,,,,3
PXD019423,,,,3
PXD020100,,,,3
PXD020189,,,,3
PXD020924,,,,3
PXD020976,,,,3
PXD021187,,,,3
PXD022024,,,,3
PXD022287,,,,3
PXD022606,,,,3
PXD022758,,,,3
PXD022767,,,,3
PXD022888,,,,3
PXD023265,,,,3
PXD024725,,,,3
PXD000061,,,,3
PXD000456,,,,3
PXD001677,,,,3
PXD003457,,,,3
PXD004079,,,,3
PXD004988,,,,3
PXD005796,,,,3
PXD006250,,,,3
PXD006569,,,,3
PXD006665,,,,3
PXD006756,,,,3
PXD008197,,,,3
PXD009102,,,,3
PXD008272,,,,3
PXD008680,,,,3
PXD008371,,,,3
PXD008310,,,,3
PXD009646,,,,3
PXD009723,,,,3
PXD009176,,,,3
PXD009590,,,,3
PXD009737,,,,3
PXD009736,,,,3
PXD009435,,,,3
PXD009809,,,,3
PXD009837,,,,3
PXD010293,,,,3
PXD010425,,,,3
PXD010500,,,,3
PXD011079,,,,3
PXD011122,,,,3
PXD011597,,,,3
PXD011979,,,,3
PXD012041,,,,3
PXD012263,,,,3
PXD012490,,,,3
PXD012983,,,,3
PXD013159,,,,3
PXD013379,,,,3
PXD013591,,,,3
PXD013301,,,,3
PXD013294,,,,3
PXD013351,,,,3
PXD014520,,,,3
PXD014819,,,,3
PXD013935,,,,3
PXD014357,,,,3
PXD014166,,,,3
PXD018059,,,,3
PXD017769,,,,3
PXD017518,,,,3
PXD018369,,,,3
PXD018381,,,,3
PXD016690,,,,3
PXD015296,,,,3
PXD017290,,,,3
PXD018663,,,,3
PXD016053,,,,3
PXD015684,,,,3
PXD015106,,,,3
PXD018736,,,,3
PXD015726,,,,3
PXD015912,,,,3
PXD019016,,,,3
PXD015269,,,,3
PXD015310,,,,3
PXD017817,,,,3
PXD015391,,,,3
PXD015759,,,,3
PXD019343,,,,3
PXD019713,,,,3
PXD019559,,,,3
PXD019652,,,,3
PXD020345,,,,3
PXD021375,,,,3
PXD021417,,,,3
PXD021482,,,,3
PXD022554,,,,3
PXD023707,,,,3
PXD023527,,,,3
PXD024293,,,,3
PXD023545,,,,3
PXD024400,,,,3
PXD023486,,,,3
PXD023759,,,,3
PXD023525,,,,3
PXD025130,,,,3
PXD025434,,,,3
PXD025463,,,,3
PXD025641,,,,3
PXD025959,,,,3
PXD025883,,,,3
PXD025998,,,,3
PXD025898,,,,3
PXD026505,,,,3
PXD026989,,,,3
PXD026853,,,,3
PXD026547,,,,3
PXD026955,,,,3
PXD030002,,,,3
PXD029289,,,,3
PXD036267,,human,,3
PXD027543,,,,3
PXD031703,,,,3
PXD027724,,,,3
PXD027754,,,,3
PXD032402,,,,3
PXD028985,,,,3
PXD031348,,,,3
PXD033289,,,,3
PXD031766,,,,3
PXD028742,,,,3
PXD034494,,,,3
PXD028840,,,,3
PXD028960,,,,3
PXD027221,,,,3
PXD030966,,,,3
PXD029291,,,,3
PXD000402,,,,4
PXD001042,,,,4
PXD001089,,,,4
PXD001210,,,,4
PXD001327,,,,4
PXD001511,,,,4
PXD002570,,,,4
PXD002573,,,,4
PXD002726,,,,4
PXD002944,,,,4
PXD003089,,,,4
PXD003153,,,,4
PXD003182,,,,4
PXD003538,,,,4
PXD003966,,,,4
PXD003967,,,,4
PXD004681,,,,4
PXD005196,,,,4
PXD005389,,,,4
PXD005798,,,,4
PXD006511,,,,4
PXD007289,,,,4
PXD007525,,,,4
PXD007864,,,,4
PXD007979,,,,4
PXD008103,,,,4
PXD010238,,,,4
PXD010575,,,,4
PXD010930,,,,4
PXD010931,,,,4
PXD011094,,,,4
PXD011124,,,,4
PXD011520,,,,4
PXD020008,,,,4
PXD020327,,,,4
PXD020606,,,,4
PXD020803,,,,4
PXD020823,,,,4
PXD021604,,,,4
PXD021676,,,,4
PXD021781,,,,4
PXD021844,,,,4
PXD022351,,,,4
PXD024638,,,,4
PXD027042,,,,4
PXD000115,,,,4
PXD004014,,,,4
PXD004473,,,,4
PXD004750,,,,4
PXD005378,,,,4
PXD005388,,,,4
PXD005387,,,,4
PXD005377,,,,4
PXD005386,,,,4
PXD005855,,,,4
PXD005852,,,,4
PXD006435,,,,4
PXD006856,,,,4
PXD007180,,,,4
PXD007564,,,,4
PXD007628,,,,4
PXD008025,,,,4
PXD008137,,,,4
PXD008531,,,,4
PXD008855,,,,4
PXD009079,,,,4
PXD009010,,,,4
PXD009677,,,,4
PXD009670,,,,4
PXD009592,,,,4
PXD009295,,,,4
PXD009469,,,,4
PXD009867,,,,4
PXD010318,,,,4
PXD010319,,,,4
PXD010637,,,,4
PXD010629,,,,4
PXD010720,,,,4
PXD011011,,,,4
PXD011137,,,,4
PXD011521,,,,4
PXD011980,,,,4
PXD011977,,,,4
PXD012960,,,,4
PXD013090,,,,4
PXD013255,,,,4
PXD013541,,,,4
PXD014566,,,,4
PXD014026,,,,4
PXD014524,,,,4
PXD014773,,,,4
PXD014933,,,,4
PXD017964,,,,4
PXD016119,,,,4
PXD019290,,,,4
PXD018945,,,,4
PXD015660,,,,4
PXD015656,,,,4
PXD016256,,,,4
PXD018516,,,,4
PXD018715,,,,4
PXD018981,,,,4
PXD015548,,,,4
PXD018096,,,,4
PXD015445,,,,4
PXD019808,,,,4
PXD019597,,,,4
PXD019908,,,,4
PXD019739,,,,4
PXD020508,,,,4
PXD020734,,,,4
PXD020896,,,,4
PXD020923,,,,4
PXD021296,,,,4
PXD021306,,,,4
PXD021330,,,,4
PXD021474,,,,4
PXD021473,,,,4
PXD021493,,,,4
PXD021585,,,,4
PXD021590,,,,4
PXD021793,,,,4
PXD022032,,,,4
PXD022204,,,,4
PXD022507,,,,4
PXD022679,,,,4
PXD024369,,,,4
PXD024582,,,,4
PXD024373,,,,4
PXD024219,,,,4
PXD024065,,,,4
PXD024116,,,,4
PXD024647,,,,4
PXD025175,,,,4
PXD025940,,,,4
PXD025776,,,,4
PXD025967,,,,4
PXD025763,,,,4
PXD026118,,,,4
PXD026717,,,,4
PXD027031,,,,4
PXD032071,,,,4
PXD035305,,human,,4
PXD032292,,,,4
PXD031159,,,,4
PXD029345,,,,4
PXD027050,,,,4
PXD028514,,,,4
PXD031252,,,,4
PXD031012,,,,4
PXD033175,,,,4
PXD028432,,,,4
PXD027087,,,,4
PXD028899,,,,4
PXD029519,,,,4
PXD027871,,,,4
PXD030070,,,,4
PXD028495,,,,4
PXD028113,,,,4
PXD029959,,,,4
PXD028404,,,,4
PXD028394,,,,4
PXD033808,,,,4
PXD033047,,,,4
PXD032145,,,,4
PXD028523,,,,4
PXD029394,,,,4
PXD033174,,,,4
PXD036266,,human,,4
PXD029783,,,,4
PXD032043,,,,4
PXD028074,,,,4
PXD032726,,,,4
PXD031192,,,,4
PXD001017,,,,5
PXD001982,,,,5
PXD002671,,,,5
PXD005722,,,,5
PXD006527,,,,5
PXD006910,,,,5
PXD010669,,,,5
PXD010698,,,,5
PXD010967,,,,5
PXD020875,,,,5
PXD021444,,,,5
PXD022151,,,,5
PXD022581,,,,5
PXD000790,,,,5
PXD000793,,,,5
PXD006183,,,,5
PXD007126,,,,5
PXD007643,,,,5
PXD008151,,,,5
PXD008370,,,,5
PXD010991,,,,5
PXD011966,,,,5
PXD012159,,,,5
PXD012199,,,,5
PXD013609,,,,5
PXD016106,,,,5
PXD016415,,,,5
PXD016224,,,,5
PXD015408,,,,5
PXD018211,,,,5
PXD019548,,,,5
PXD019913,,,,5
PXD020251,,,,5
PXD023182,,,,5
PXD024606,,,,5
PXD023738,,,,5
PXD024723,,,,5
PXD025924,,,,5
PXD026829,,,,5
PXD027425,,,,5
PXD028576,,,,5
PXD029624,,,,5
PXD027096,,,,5
PXD034135,,,,5
PXD027279,,,,5
PXD032906,,,,5
PXD028120,,,,5
PXD027333,,,,5
PXD031413,,,,5
PXD000779,,,,6
PXD000807,,,,6
PXD001324,,,,6
PXD001325,,,,6
PXD001387,,,,6
PXD001416,,,,6
PXD001419,,,,6
PXD001422,,,,6
PXD001838,,,,6
PXD002054,,,,6
PXD002211,,,,6
PXD002212,,,,6
PXD002266,,,,6
PXD002312,,,,6
PXD002346,,,,6
PXD002372,,,,6
PXD002377,,,,6
PXD002470,,,,6
PXD002771,,,,6
PXD003015,,,,6
PXD003132,,,,6
PXD003410,,,,6
PXD003411,,,,6
PXD003416,,,,6
PXD003417,,,,6
PXD003963,,,,6
PXD003965,,,,6
PXD003971,,,,6
PXD004265,,,,6
PXD004546,,,,6
PXD004569,,,,6
PXD004624,,,,6
PXD004625,,,,6
PXD004626,,,,6
PXD004764,,,,6
PXD004778,,,,6
PXD004788,,,,6
PXD004796,,,,6
PXD005168,,,,6
PXD005215,,,,6
PXD005696,,,,6
PXD005697,,,,6
PXD005753,,,,6
PXD006084,,,,6
PXD006360,,,,6
PXD006385,,,,6
PXD006570,,,,6
PXD006571,,,,6
PXD006572,,,,6
PXD006576,,,,6
PXD006590,,,,6
PXD006591,,,,6
PXD006686,,,,6
PXD007258,,,,6
PXD007791,,,,6
PXD007866,,,,6
PXD008046,,,,6
PXD008090,,,,6
PXD008199,,,,6
PXD010074,,,,6
PXD010468,,,,6
PXD010827,,,,6
PXD011356,,,,6
PXD011432,,,,6
PXD012039,,,,6
PXD012092,,,,6
PXD019360,,,,6
PXD020186,,,,6
PXD020530,,,,6
PXD020608,,,,6
PXD022419,,,,6
PXD024627,,,,6
PXD026095,,,,6
PXD000936,,,,6
PXD000967,,,,6
PXD001004,,,,6
PXD001442,,,,6
PXD001895,,,,6
PXD002179,,,,6
PXD002594,,,,6
PXD002990,,,,6
PXD003053,,,,6
PXD003564,,,,6
PXD003567,,,,6
PXD003565,,,,6
PXD003566,,,,6
PXD003568,,,,6
PXD004229,,,,6
PXD004225,,,,6
PXD004230,,,,6
PXD004207,,,,6
PXD004454,,,,6
PXD004467,,,,6
PXD004770,,,,6
PXD004774,,,,6
PXD004769,,,,6
PXD004765,,,,6
PXD004772,,,,6
PXD004771,,,,6
PXD004768,,,,6
PXD004777,,,,6
PXD004775,,,,6
PXD004767,,,,6
PXD004773,,,,6
PXD004776,,,,6
PXD004766,,,,6
PXD004791,,,,6
PXD004790,,,,6
PXD004793,,,,6
PXD004795,,,,6
PXD004794,,,,6
PXD004789,,,,6
PXD004792,,,,6
PXD005371,,,,6
PXD005376,,,,6
PXD005369,,,,6
PXD005368,,,,6
PXD005370,,,,6
PXD005375,,,,6
PXD005374,,,,6
PXD005367,,,,6
PXD005373,,,,6
PXD005372,,,,6
PXD006767,,,,6
PXD008808,,,,6
PXD008667,,,,6
PXD008963,,,,6
PXD008773,,,,6
PXD008829,,,,6
PXD008403,,,,6
PXD008875,,,,6
PXD009622,,,,6
PXD010395,,,,6
PXD011131,,,,6
PXD011428,,,,6
PXD011899,,,,6
PXD012260,,,,6
PXD012689,,,,6
PXD012793,,,,6
PXD013250,,,,6
PXD013652,,,,6
PXD013711,,,,6
PXD013503,,,,6
PXD014669,,,,6
PXD014359,,,,6
PXD014329,,,,6
PXD014147,,,,6
PXD014632,,,,6
PXD015515,,,,6
PXD019015,,,,6
PXD018290,,,,6
PXD018061,,,,6
PXD017657,,,,6
PXD015698,,,,6
PXD015371,,,,6
PXD018714,,,,6
PXD018701,,,,6
PXD016172,,,,6
PXD019056,,,,6
PXD017873,,,,6
PXD018152,,,,6
PXD018726,,,,6
PXD015689,,,,6
PXD017788,,,,6
PXD015756,,,,6
PXD017230,,,,6
PXD018517,,,,6
PXD015409,,,,6
PXD017462,,,,6
PXD016019,,,,6
PXD017592,,,,6
PXD015673,1760,human,done,6
PXD017122,0,Pseudomonas aeruginosa,error,6
PXD015635,1260,"human,mouse",done,6
PXD017585,,,,6
PXD017720,,,,6
PXD016456,,,,6
PXD017253,,,,6
PXD015460,,,,6
PXD017441,,,,6
PXD019335,,,,6
PXD019391,,,,6
PXD019850,,,,6
PXD019768,,,,6
PXD019813,,,,6
PXD020137,,,,6
PXD020677,,,,6
PXD021848,,,,6
PXD022073,,,,6
PXD022946,,,,6
PXD023810,,,,6
PXD023401,,,,6
PXD024590,,,,6
PXD023581,,,,6
PXD024074,,,,6
PXD024636,,,,6
PXD025131,,,,6
PXD024959,,,,6
PXD025663,,,,6
PXD026386,,,,6
PXD026506,,,,6
PXD026733,,,,6
PXD026986,,,,6
PXD026725,,,,6
PXD026702,,,,6
PXD030405,,,,6
PXD027122,,,,6
PXD031607,,,,6
PXD028242,,,,6
PXD033611,,,,6
PXD032144,,,,6
PXD030594,,,,6
PXD031402,,,,6
PXD027430,,,,6
PXD034577,,human,,6
PXD027923,,,,6
PXD033077,,,,6
PXD034836,,Leishmania infantum jpcm5,,6
PXD032195,,,,6
PXD029258,,,,6
PXD027491,,,,6
PXD029574,,,,6
PXD029013,,,,6
PXD033037,,,,6
PXD001326,,,,7
PXD001359,,,,7
PXD001415,,,,7
PXD001418,,,,7
PXD001421,,,,7
PXD002673,,,,7
PXD004763,,,,7
PXD006848,,,,7
PXD006863,,,,7
PXD007575,,,,7
PXD020210,,,,7
PXD022509,,,,7
PXD000450,,,,7
PXD000141,,,,7
PXD003792,,,,7
PXD004646,,,,7
PXD008795,,,,7
PXD009481,,,,7
PXD009788,,,,7
PXD013362,,,,7
PXD014872,,,,7
PXD018322,,,,7
PXD018642,,,,7
PXD019187,,,,7
PXD020157,,,,7
PXD029563,,,,7
PXD029457,,,,7
PXD032074,,,,7
PXD000968,,,,8
PXD001607,,,,8
PXD001647,,,,8
PXD001786,,,,8
PXD002206,,,,8
PXD002798,,,,8
PXD003022,,,,8
PXD003045,,,,8
PXD003519,,,,8
PXD004398,,,,8
PXD004592,,,,8
PXD005306,,,,8
PXD005461,,,,8
PXD005620,,,,8
PXD006799,,,,8
PXD010496,,,,8
PXD010782,,,,8
PXD011367,,,,8
PXD011583,,,,8
PXD011721,,,,8
PXD020152,,,,8
PXD020449,,,,8
PXD020520,,,,8
PXD020732,,,,8
PXD020822,,,,8
PXD020993,,,,8
PXD021504,,,,8
PXD021516,,,,8
PXD022440,,,,8
PXD022564,,,,8
PXD022770,,,,8
PXD022785,,,,8
PXD022907,,,,8
PXD023281,,,,8
PXD000792,,,,8
PXD003533,,,,8
PXD004522,,,,8
PXD004612,,,,8
PXD005054,,,,8
PXD005178,,,,8
PXD006079,,,,8
PXD008135,,,,8
PXD008168,,,,8
PXD008439,,,,8
PXD009257,,,,8
PXD009577,,,,8
PXD009527,,,,8
PXD010665,,,,8
PXD012441,,,,8
PXD012581,,,,8
PXD013067,,,,8
PXD013452,,,,8
PXD013304,,,,8
PXD014523,,,,8
PXD018920,,,,8
PXD018005,,,,8
PXD015857,,,,8
PXD018589,,,,8
PXD019058,,,,8
PXD015293,,,,8
PXD018600,,,,8
PXD017891,,,,8
PXD018883,,,,8
PXD018935,,,,8
PXD019185,,,,8
PXD019661,,,,8
PXD019612,,,,8
PXD019819,,,,8
PXD019851,,,,8
PXD020988,,,,8
PXD021578,,,,8
PXD022864,,,,8
PXD024205,,,,8
PXD024353,,,,8
PXD024708,,,,8
PXD025505,,,,8
PXD026116,,,,8
PXD026674,,,,8
PXD031699,,,,8
PXD031001,,,,8
PXD034576,,,,8
PXD030548,,,,8
PXD031914,,,,8
PXD028551,,,,8
PXD027132,,,,8
PXD027103,,,,8
PXD027944,,,,8
PXD032802,,,,8
PXD027190,,,,8
PXD027674,,,,8
PXD000869,,,,9
PXD001054,,,,9
PXD001402,,,,9
PXD001694,,,,9
PXD001877,,,,9
PXD001878,,,,9
PXD001879,,,,9
PXD001880,,,,9
PXD001881,,,,9
PXD001882,,,,9
PXD001883,,,,9
PXD001884,,,,9
PXD001885,,,,9
PXD002256,,,,9
PXD002257,,,,9
PXD002258,,,,9
PXD002260,,,,9
PXD002261,,,,9
PXD002488,,,,9
PXD002788,,,,9
PXD003209,,,,9
PXD004987,,,,9
PXD005187,,,,9
PXD005539,,,,9
PXD005923,,,,9
PXD005981,,,,9
PXD007238,,,,9
PXD007727,,,,9
PXD007766,,,,9
PXD008165,,,,9
PXD010230,,,,9
PXD010333,,,,9
PXD010699,,,,9
PXD020620,,,,9
PXD022353,,,,9
PXD023044,,,,9
PXD000973,,,,9
PXD003804,,,,9
PXD003964,,,,9
PXD004954,,,,9
PXD005609,,,,9
PXD005869,,,,9
PXD006260,,,,9
PXD006330,,,,9
PXD008581,,,,9
PXD009077,,,,9
PXD008989,,,,9
PXD008897,,,,9
PXD009664,,,,9
PXD009401,,,,9
PXD010001,,,,9
PXD009982,,,,9
PXD010594,,,,9
PXD011499,,,,9
PXD012225,,,,9
PXD012981,,,,9
PXD013143,,,,9
PXD013095,,,,9
PXD013038,,,,9
PXD013406,,,,9
PXD014814,,,,9
PXD014062,,,,9
PXD014287,,,,9
PXD017222,,,,9
PXD015240,,,,9
PXD019243,,,,9
PXD015494,,,,9
PXD018452,,,,9
PXD019023,,,,9
PXD018808,,,,9
PXD017535,,,,9
PXD018372,,,,9
PXD018565,,,,9
PXD015836,,,,9
PXD016160,,,,9
PXD016333,,,,9
PXD016377,,,,9
PXD015407,,,,9
PXD015320,,,,9
PXD019207,,,,9
PXD020723,,,,9
PXD023374,,,,9
PXD024050,,,,9
PXD024196,,,,9
PXD024053,,,,9
PXD024702,,,,9
PXD024714,,,,9
PXD024849,,,,9
PXD024927,,,,9
PXD024888,,,,9
PXD024850,,,,9
PXD024848,,,,9
PXD024847,,,,9
PXD025430,,,,9
PXD030165,,,,9
PXD030114,,,,9
PXD030118,,,,9
PXD030163,,,,9
PXD004293,,,,10
PXD007226,,,,10
PXD011370,,,,10
PXD012991,,,,10
PXD020638,,,,10
PXD020689,,,,10
PXD021332,,,,10
PXD021759,,,,10
PXD021816,,,,10
PXD021817,,,,10
PXD022067,,,,10
PXD022953,,,,10
PXD023290,,,,10
PXD000202,,,,10
PXD004514,,,,10
PXD004593,,,,10
PXD005859,,,,10
PXD006016,,,,10
PXD006015,,,,10
PXD008664,,,,10
PXD008909,,,,10
PXD009771,,,,10
PXD009950,,,,10
PXD014575,,,,10
PXD014352,,,,10
PXD014844,,,,10
PXD014397,,,,10
PXD016265,,,,10
PXD018268,,,,10
PXD018865,,,,10
PXD016346,,,,10
PXD015814,,,,10
PXD018805,,,,10
PXD016591,,,,10
PXD018123,,,,10
PXD017017,,,,10
PXD019709,,,,10
PXD019848,,,,10
PXD021986,,,,10
PXD023812,,,,10
PXD023974,,,,10
PXD025769,,,,10
PXD028959,,,,10
PXD028309,,,,10
PXD029252,,,,10
PXD031057,,,,10
PXD030989,,,,10
PXD028049,,,,10
PXD031072,,,,10
PXD034398,,,,10
PXD036453,,multi-species,,10
PXD001248,,,,11
PXD002105,,,,11
PXD005322,,,,11
PXD005521,,,,11
PXD007782,,,,11
PXD009796,,,,11
PXD010641,,,,11
PXD010725,,,,11
PXD011464,,,,11
PXD022644,,,,11
PXD003624,,,,11
PXD007913,,,,11
PXD009738,,,,11
PXD013115,,,,11
PXD013066,,,,11
PXD013102,,,,11
PXD013827,,,,11
PXD013509,,,,11
PXD015203,,,,11
PXD015865,,,,11
PXD024316,,,,11
PXD023506,,,,11
PXD027747,,,,11
PXD029997,,,,11
PXD030865,,,,11
PXD000764,,,,12
PXD001000,,,,12
PXD001351,,,,12
PXD001447,,,,12
PXD001483,,,,12
PXD001933,,,,12
PXD002007,,,,12
PXD002592,,,,12
PXD002655,,,,12
PXD002679,,,,12
PXD002763,,,,12
PXD003232,,,,12
PXD003299,,,,12
PXD003412,,,,12
PXD003413,,,,12
PXD003414,,,,12
PXD003415,,,,12
PXD004059,,,,12
PXD004134,,,,12
PXD004144,,,,12
PXD004238,,,,12
PXD004453,,,,12
PXD005548,,,,12
PXD005549,,,,12
PXD005654,,,,12
PXD005745,,,,12
PXD005765,,,,12
PXD005812,,,,12
PXD006066,,,,12
PXD006536,,,,12
PXD006999,,,,12
PXD007149,,,,12
PXD007571,,,,12
PXD007790,,,,12
PXD007918,,,,12
PXD008029,,,,12
PXD008150,,,,12
PXD008152,,,,12
PXD010217,,,,12
PXD010402,,,,12
PXD010472,,,,12
PXD010570,,,,12
PXD010663,,,,12
PXD010713,,,,12
PXD010951,,,,12
PXD011444,,,,12
PXD011740,,,,12
PXD012985,,,,12
PXD019473,,,,12
PXD020150,,,,12
PXD020250,,,,12
PXD020350,,,,12
PXD020390,,,,12
PXD020632,,,,12
PXD020900,,,,12
PXD021302,,,,12
PXD021607,,,,12
PXD021685,,,,12
PXD022487,,,,12
PXD023178,,,,12
PXD023216,,,,12
PXD024634,,,,12
PXD000525,,,,12
PXD001068,,,,12
PXD002417,,,,12
PXD003096,,,,12
PXD003939,,,,12
PXD004303,,,,12
PXD004724,,,,12
PXD004966,,,,12
PXD005064,,,,12
PXD005170,,,,12
PXD005893,,,,12
PXD006216,,,,12
PXD006336,,,,12
PXD006750,,,,12
PXD007552,,,,12
PXD009105,,,,12
PXD008263,,,,12
PXD009155,,,,12
PXD009392,,,,12
PXD009387,,,,12
PXD009966,,,,12
PXD010121,,,,12
PXD010480,,,,12
PXD011328,,,,12
PXD011384,,,,12
PXD011620,,,,12
PXD013613,,,,12
PXD013806,,,,12
PXD014433,,,,12
PXD014142,,,,12
PXD014443,,,,12
PXD014550,,,,12
PXD013961,,,,12
PXD014668,,,,12
PXD013962,,,,12
PXD018987,,,,12
PXD017881,,,,12
PXD018425,,,,12
PXD018955,,,,12
PXD018578,,,,12
PXD016254,,,,12
PXD018953,,,,12
PXD017424,,,,12
PXD016248,,,,12
PXD018897,,,,12
PXD018591,,,,12
PXD015606,,,,12
PXD015023,,,,12
PXD019620,,,,12
PXD019763,,,,12
PXD020547,,,,12
PXD020540,,,,12
PXD021312,,,,12
PXD021789,,,,12
PXD022452,,,,12
PXD023043,,,,12
PXD023356,,,,12
PXD023659,,,,12
PXD024203,,,,12
PXD024484,,,,12
PXD023515,,,,12
PXD023610,,,,12
PXD025008,,,,12
PXD025152,,,,12
PXD025842,,,,12
PXD026102,,,,12
PXD026190,,,,12
PXD026400,,,,12
PXD026896,,,,12
PXD026797,,,,12
PXD026738,,,,12
PXD031385,,,,12
PXD033802,,,,12
PXD027823,,,,12
PXD032101,,,,12
PXD028275,,,,12
PXD028933,,,,12
PXD031772,,,,12
PXD031733,,,,12
PXD034365,,,,12
PXD031625,,,,12
PXD027785,,,,12
PXD033803,,,,12
PXD031532,,,,12
PXD033834,,,,12
PXD031441,,,,12
PXD030468,,,,12
PXD030467,,,,12
PXD028512,,,,12
PXD027803,,,,12
PXD031925,,,,12
PXD001844,,,,13
PXD005934,,,,13
PXD011840,,,,13
PXD022092,,,,13
PXD022330,,,,13
PXD000969,,,,13
PXD000972,,,,13
PXD005604,,,,13
PXD008592,,,,13
PXD010315,,,,13
PXD011041,,,,13
PXD012045,,,,13
PXD017998,,,,13
PXD023912,,,,13
PXD025006,,,,13
PXD026068,,,,13
PXD026183,,,,13
PXD033607,,,,13
PXD001179,,,,14
PXD006645,,,,14
PXD007700,,,,14
PXD008110,,,,14
PXD008181,,,,14
PXD011906,,,,14
PXD012702,,,,14
PXD021100,,,,14
PXD021712,,,,14
PXD025141,,,,14
PXD004798,,,,14
PXD005786,,,,14
PXD006344,,,,14
PXD008083,,,,14
PXD010569,,,,14
PXD013343,,,,14
PXD014071,,,,14
PXD016931,,,,14
PXD015380,,,,14
PXD016687,,,,14
PXD016613,,,,14
PXD019686,,,,14
PXD026063,,,,14
PXD026651,,,,14
PXD028633,,,,14
PXD031870,,,,14
PXD036262,,human,,14
PXD001590,,,,15
PXD004135,,,,15
PXD005407,,,,15
PXD005489,,,,15
PXD005723,,,,15
PXD006137,,,,15
PXD009817,,,,15
PXD010708,,,,15
PXD011269,,,,15
PXD012463,,,,15
PXD012484,,,,15
PXD012611,,,,15
PXD012827,,,,15
PXD012967,,,,15
PXD020165,,,,15
PXD020970,,,,15
PXD021584,,,,15
PXD021822,,,,15
PXD022676,,,,15
PXD000247,,,,15
PXD004466,,,,15
PXD006301,,,,15
PXD006515,,,,15
PXD006528,,,,15
PXD008969,,,,15
PXD009522,,,,15
PXD017622,,,,15
PXD019093,,,,15
PXD019538,,,,15
PXD024840,,,,15
PXD026584,,,,15
PXD033486,,,,15
PXD033494,,,,15
PXD032303,,Human gut metagenome,,15
PXD032808,,,,15
PXD036264,,human,,15
PXD001974,,,,16
PXD001985,,,,16
PXD002614,,,,16
PXD002855,,,,16
PXD003336,,,,16
PXD005432,,,,16
PXD006823,,,,16
PXD007050,,,,16
PXD009798,,,,16
PXD010794,,,,16
PXD021181,,,,16
PXD021221,,,,16
PXD021643,,,,16
PXD022518,,,,16
PXD022818,,,,16
PXD003498,,,,16
PXD004722,,,,16
PXD004942,,,,16
PXD006588,,,,16
PXD009072,,,,16
PXD009003,,,,16
PXD009510,,,,16
PXD010092,,,,16
PXD012256,,,,16
PXD012587,,,,16
PXD013274,,,,16
PXD013543,,,,16
PXD014252,,,,16
PXD018162,,,,16
PXD015039,,,,16
PXD016483,,,,16
PXD015758,,,,16
PXD019186,,,,16
PXD018013,,,,16
PXD019895,,,,16
PXD019623,,,,16
PXD021687,,,,16
PXD023825,,,,16
PXD023824,,,,16
PXD023787,,,,16
PXD023836,,,,16
PXD024684,,,,16
PXD025004,,,,16
PXD025177,,,,16
PXD025850,,,,16
PXD026954,,,,16
PXD026618,,,,16
PXD031420,,,,16
PXD031428,,,,16
PXD031464,,,,16
PXD027088,,,,16
PXD029264,,,,16
PXD028916,,,,16
PXD034578,,human,,16
PXD027706,,,,16
PXD031418,,,,16
PXD034454,,,,16
PXD031221,,,,16
PXD029183,,,,16
PXD031454,,,,16
PXD034579,,human,,16
PXD030170,,,,16
PXD031449,,,,16
PXD001083,,,,17
PXD002013,,,,17
PXD005503,,,,17
PXD007612,,,,17
PXD011455,,,,17
PXD012644,,,,17
PXD021672,,,,17
PXD008796,,,,17
PXD014419,,,,17
PXD017848,,,,17
PXD021245,,,,17
PXD022354,,,,17
PXD036607,,human,,17
PXD000783,,,,18
PXD001034,,,,18
PXD001376,,,,18
PXD001482,,,,18
PXD001950,,,,18
PXD002595,,,,18
PXD002789,,,,18
PXD003097,,,,18
PXD003666,,,,18
PXD003731,,,,18
PXD003826,,,,18
PXD003830,,,,18
PXD003887,,,,18
PXD003916,,,,18
PXD004062,,,,18
PXD004679,,,,18
PXD004893,,,,18
PXD005009,,,,18
PXD005507,,,,18
PXD005834,,,,18
PXD006123,,,,18
PXD006158,2351,mouse,done,18
PXD006169,,,,18
PXD006205,,,,18
PXD006311,,,,18
PXD006578,,,,18
PXD006589,,,,18
PXD007615,,,,18
PXD007788,,,,18
PXD007963,,,,18
PXD008136,,,,18
PXD009127,,,,18
PXD009810,,,,18
PXD010042,,,,18
PXD010226,,,,18
PXD010659,,,,18
PXD011198,,,,18
PXD011278,,,,18
PXD011599,,,,18
PXD011712,,,,18
PXD011714,,,,18
PXD011742,,,,18
PXD011761,,,,18
PXD011948,,,,18
PXD012170,,,,18
PXD012577,,,,18
PXD012739,,,,18
PXD012811,,,,18
PXD012812,,,,18
PXD012818,,,,18
PXD020456,,,,18
PXD020463,,,,18
PXD021373,,,,18
PXD025264,,,,18
PXD001809,,,,18
PXD003599,,,,18
PXD004006,,,,18
PXD004428,,,,18
PXD004748,,,,18
PXD005095,,,,18
PXD005131,,,,18
PXD005589,,,,18
PXD006241,,,,18
PXD006334,,,,18
PXD006693,,,,18
PXD007904,,,,18
PXD008311,,,,18
PXD008960,,,,18
PXD008645,,,,18
PXD009194,,,,18
PXD009665,,,,18
PXD009517,,,,18
PXD009641,,,,18
PXD010279,,,,18
PXD010700,,,,18
PXD010898,,,,18
PXD011582,,,,18
PXD011619,,,,18
PXD012730,,,,18
PXD012815,,,,18
PXD014513,,,,18
PXD014200,,,,18
PXD014201,,,,18
PXD018954,,,,18
PXD017148,,,,18
PXD017709,,,,18
PXD017619,,,,18
PXD016987,,,,18
PXD018397,,,,18
PXD016017,,,,18
PXD015725,,,,18
PXD016416,,,,18
PXD015674,,,,18
PXD015037,,,,18
PXD018644,,,,18
PXD016771,,,,18
PXD015742,,,,18
PXD017513,,,,18
PXD017780,,,,18
PXD019314,,,,18
PXD019831,,,,18
PXD019830,,,,18
PXD019893,,,,18
PXD019771,,,,18
PXD021488,,,,18
PXD024524,,,,18
PXD023457,,,,18
PXD024620,,,,18
PXD023459,,,,18
PXD023758,,,,18
PXD024689,,,,18
PXD025504,,,,18
PXD025809,,,,18
PXD025922,,,,18
PXD025877,,,,18
PXD026566,,,,18
PXD027039,,,,18
PXD026833,,,,18
PXD028322,,,,18
PXD028833,,,,18
PXD030748,,,,18
PXD035996,,human,,18
PXD027917,,,,18
PXD030888,,,,18
PXD033887,,Fomitopsis pinicola,,18
PXD030861,,,,18
PXD028577,,,,18
PXD031452,,,,18
PXD001836,,,,19
PXD002694,,,,19
PXD005419,,,,19
PXD005497,,,,19
PXD008375,,,,19
PXD008942,,,,19
PXD009019,,,,19
PXD018542,,,,19
PXD018540,,,,19
PXD018541,,,,19
PXD018941,,,,19
PXD018539,,,,19
PXD018543,,,,19
PXD030630,,,,19
PXD002148,,,,20
PXD002979,,,,20
PXD003094,,,,20
PXD003881,,,,20
PXD005223,,,,20
PXD005590,,,,20
PXD006185,,,,20
PXD010250,,,,20
PXD011070,,,,20
PXD011280,,,,20
PXD020215,,,,20
PXD021368,,,,20
PXD021715,,,,20
PXD022364,,,,20
PXD000443,,,,20
PXD005905,,,,20
PXD006010,,,,20
PXD006011,,,,20
PXD007066,,,,20
PXD007632,,,,20
PXD008622,,,,20
PXD008595,,,,20
PXD009203,,,,20
PXD009919,,,,20
PXD010456,,,,20
PXD013712,,,,20
PXD013454,,,,20
PXD013656,,,,20
PXD014254,,,,20
PXD015392,,,,20
PXD018594,,,,20
PXD015410,,,,20
PXD017944,,,,20
PXD019764,,,,20
PXD019924,,,,20
PXD020284,,,,20
PXD024153,,,,20
PXD026468,,,,20
PXD034441,,,,20
PXD028830,,,,20
PXD027827,,,,20
PXD027955,,,,20
PXD003911,,,,21
PXD003922,,,,21
PXD004369,,,,21
PXD007688,,,,21
PXD009863,,,,21
PXD011442,,,,21
PXD013036,,,,21
PXD020868,,,,21
PXD000312,,,,21
PXD009713,,,,21
PXD010352,,,,21
PXD013683,,,,21
PXD013960,,,,21
PXD014976,,,,21
PXD016859,,,,21
PXD018758,,,,21
PXD017407,,,,21
PXD019731,,,,21
PXD021076,,,,21
PXD022433,,,,21
PXD026615,,,,21
PXD020434,,,,22
PXD025238,,,,22
PXD025432,,,,22
PXD009948,,,,22
PXD012859,,,,22
PXD015646,,,,22
PXD017386,,,,22
PXD019376,,,,22
PXD029605,,,,22
PXD001726,,,,23
PXD003103,,,,23
PXD012171,,,,23
PXD022550,,,,23
PXD004464,,,,23
PXD009085,,,,23
PXD009746,,,,23
PXD020235,,,,23
PXD025233,,,,23
PXD027040,,,,23
PXD030859,,,,23
PXD000966,,,error,24
PXD001183,,,,24
PXD001311,,,,24
PXD001323,,,,24
PXD001328,,,,24
PXD002575,,,,24
PXD003079,,,,24
PXD003821,,,,24
PXD004005,,,,24
PXD004651,,,,24
PXD005055,,,,24
PXD005152,,,,24
PXD005698,,,,24
PXD005979,,,,24
PXD005980,,,,24
PXD006083,,,,24
PXD006265,,,,24
PXD006268,,,,24
PXD006328,,,,24
PXD006428,,,,24
PXD006776,,,,24
PXD007678,,,,24
PXD007690,,,,24
PXD007906,,,,24
PXD010518,,,,24
PXD010589,,,,24
PXD010986,,,,24
PXD011484,,,,24
PXD011744,,,,24
PXD013281,,,,24
PXD019474,,,,24
PXD022068,,,,24
PXD022408,,,,24
PXD000078,,,,24
PXD000647,,,,24
PXD003207,,,,24
PXD004814,,,,24
PXD005335,,,,24
PXD006310,,,,24
PXD008602,,,,24
PXD008844,,,,24
PXD008996,,,,24
PXD009041,,,,24
PXD009541,,,,24
PXD011187,,,,24
PXD012710,,,,24
PXD012887,,,,24
PXD013280,,,,24
PXD013897,,,,24
PXD013896,,,,24
PXD014733,,,,24
PXD014019,,,,24
PXD013988,,,,24
PXD015058,,,,24
PXD016929,,,,24
PXD017392,,,,24
PXD019238,,,,24
PXD015981,,,,24
PXD019219,,,,24
PXD016851,,,,24
PXD017115,,,,24
PXD015061,,,,24
PXD018329,,,,24
PXD017933,,,,24
PXD019935,,,,24
PXD019541,,,,24
PXD020105,,,,24
PXD020560,,,,24
PXD020737,,,,24
PXD020767,,,,24
PXD020778,,,,24
PXD020998,,,,24
PXD022163,,,,24
PXD024610,,,,24
PXD024485,,,,24
PXD024482,,,,24
PXD024243,,,,24
PXD023516,,,,24
PXD023571,,,,24
PXD024388,,,,24
PXD024942,,,,24
PXD024953,,,,24
PXD024838,,,,24
PXD026431,,,,24
PXD027034,,,,24
PXD028818,,,,24
PXD029267,,,,24
PXD035105,,Xenopus laevis (african clawed frog),,24
PXD033692,,,,24
PXD030293,,,,24
PXD031863,,,,24
PXD030551,,,,24
PXD001593,,,,25
PXD004204,,,,25
PXD006421,,,,25
PXD010806,,,,25
PXD011495,,,,25
PXD022279,,,,25
PXD022322,,,,25
PXD008490,,,,25
PXD024687,,,,25
PXD003029,,,,26
PXD003406,,,,26
PXD003407,,,,26
PXD003408,,,,26
PXD003409,,,,26
PXD010362,,,,26
PXD004706,,,,26
PXD013803,,,,26
PXD013482,,,,26
PXD013759,,,,26
PXD015185,,,,26
PXD020097,,,,26
PXD023482,,,,26
PXD025126,,,,26
PXD001568,,,,27
PXD002866,,,,27
PXD003189,,,,27
PXD003352,,,,27
PXD003780,,,,27
PXD004097,,,,27
PXD004818,,,,27
PXD006757,,,,27
PXD007188,,,,27
PXD008205,,,,27
PXD010258,,,,27
PXD010444,,,,27
PXD011276,,,,27
PXD025393,,,,27
PXD006159,,,,27
PXD007065,,,,27
PXD008128,,,,27
PXD009066,,,,27
PXD009114,,,,27
PXD009164,,,,27
PXD009185,,,,27
PXD009611,,,,27
PXD015426,,,,27
PXD016394,,,,27
PXD015149,,,,27
PXD015959,,,,27
PXD017965,,,,27
PXD018060,,,,27
PXD017925,,,,27
PXD022049,,,,27
PXD025030,,,,27
PXD029782,,,,27
PXD027786,,,,27
PXD033466,,,,27
PXD002658,,,,28
PXD005567,,,,28
PXD012232,,,,28
PXD021826,,,,28
PXD022989,,,,28
PXD004156,,,,28
PXD010504,,,,28
PXD011697,,,,28
PXD016332,,,,28
PXD015015,,,,28
PXD021069,,,,28
PXD021855,,,,28
PXD033519,,,,28
PXD000389,,,,29
PXD013805,,,,29
PXD018672,,,,29
PXD015500,,,,29
PXD033057,,,,29
PXD002523,,,,30
PXD006352,,,,30
PXD011156,,,,30
PXD011817,,,,30
PXD026513,0,Desulfovibrio ferrophilus,done,30
PXD002905,0,mouse,done,30
PXD003201,,,,30
PXD004033,,,,30
PXD006898,,,,30
PXD009566,,,,30
PXD009483,,,,30
PXD009431,,,,30
PXD012708,,,,30
PXD014317,,,,30
PXD014505,,,,30
PXD017469,,,,30
PXD015894,,,,30
PXD018226,,,,30
PXD017747,,,,30
PXD019134,,,,30
PXD015169,,,,30
PXD018896,,,,30
PXD015022,,,,30
PXD019887,,,,30
PXD022712,,,,30
PXD023572,,,,30
PXD024201,,,,30
PXD025848,,,,30
PXD032203,,,,30
PXD032297,,human,,30
PXD031046,,,,30
PXD028846,,,,30
PXD028783,,,,30
PXD033387,,,,30
PXD029116,,,,30
PXD012576,,,,31
PXD008230,,,,31
PXD015168,,,,31
PXD020087,,,,31
PXD022754,,,,31
PXD002796,,,,32
PXD004061,,,,32
PXD004684,,,,32
PXD005433,,,,32
PXD005733,,,,32
PXD011519,,,,32
PXD012755,,,,32
PXD021498,,,,32
PXD022720,,,,32
PXD023273,,,,32
PXD025400,,Schizosaccharomyces pombe 927,error,32
PXD000181,,,,32
PXD004647,,,,32
PXD011671,,,,32
PXD014434,,,,32
PXD015002,,,,32
PXD017519,,,,32
PXD019012,,,,32
PXD020201,,,,32
PXD021554,,,,32
PXD023674,,,,32
PXD031177,,,,32
PXD004413,,,,33
PXD011796,,,,33
PXD004441,,,,33
PXD009382,,,,33
PXD009410,,,,33
PXD018687,,,,33
PXD017308,,,,33
PXD019149,,,,33
PXD026947,,,,33
PXD001307,,,,34
PXD001830,,,,34
PXD003542,,,,34
PXD020366,,,,34
PXD020551,,,,34
PXD001055,,,,34
PXD008917,,,,34
PXD027454,,,,34
PXD003876,,,,35
PXD012748,,,,35
PXD014515,,,,35
PXD000961,,,,36
PXD001247,,,,36
PXD001507,,,,36
PXD001683,,,,36
PXD001951,,,,36
PXD003023,,,,36
PXD004083,,,,36
PXD005179,,Arabidopsis thaliana,error,36
PXD005579,,,,36
PXD006036,,,,36
PXD006095,,,,36
PXD006096,,,,36
PXD006901,,,,36
PXD007592,,,,36
PXD007713,,,,36
PXD012002,,,,36
PXD012522,,,,36
PXD012962,,,,36
PXD012965,,,,36
PXD019464,,,,36
PXD020219,,,,36
PXD021074,,,,36
PXD021606,,,,36
PXD001215,,,,36
PXD004106,,,,36
PXD005015,,,,36
PXD005724,,,,36
PXD009080,,,,36
PXD008544,,,,36
PXD008851,,,,36
PXD009239,,,,36
PXD009698,,,,36
PXD011618,,,,36
PXD012759,,,,36
PXD013157,,,,36
PXD013514,,,,36
PXD013861,,,,36
PXD013585,,,,36
PXD014801,,,,36
PXD015337,,,,36
PXD017317,,,,36
PXD016557,,,,36
PXD017278,,,,36
PXD018265,,,,36
PXD018952,,,,36
PXD019824,,,,36
PXD020866,,,,36
PXD022449,,,,36
PXD023822,,,,36
PXD026967,,,,36
PXD026815,,,,36
PXD028685,,,,36
PXD027143,,,,36
PXD033194,,,,36
PXD030048,,,,36
PXD027149,,,,36
PXD030994,,,,36
PXD005220,,,,37
PXD012169,,,,37
PXD014730,,,,37
PXD024020,,,,37
PXD004164,,,,38
PXD010071,,,,38
PXD011145,,,,38
PXD030550,,,,38
PXD027902,,,,38
PXD031146,,,,38
PXD002176,,,,39
PXD002236,,,,39
PXD010292,,,,39
PXD010775,,,,39
PXD010816,,,,39
PXD000388,,,,39
PXD001267,,,,40
PXD001357,,,,40
PXD002161,,,,40
PXD006735,,,,40
PXD011992,,,,40
PXD012465,,,,40
PXD022244,,,,40
PXD022915,,,,40
PXD023381,,,,40
PXD025629,,multi-species,error,40
PXD000039,,,,40
PXD004710,,,,40
PXD008407,,,,40
PXD013684,,,,40
PXD014343,,,,40
PXD014222,,,,40
PXD017153,,,,40
PXD018212,,,,40
PXD016487,,,,40
PXD023529,,,,40
PXD023685,,,,40
PXD026335,,,,40
PXD034035,,Acyrthosiphon pisum (pea aphid),,40
PXD027351,,,,40
PXD028852,,,,40
PXD004426,,,,41
PXD017983,,,,41
PXD003055,,,,42
PXD003532,,,,42
PXD003943,,,,42
PXD006764,,,,42
PXD011149,,,,42
PXD022221,,,,42
PXD022284,,,,42
PXD002026,,,,42
PXD004713,,,,42
PXD008238,,,,42
PXD009021,,,,42
PXD008824,,,,42
PXD009332,,,,42
PXD018604,,,,42
PXD026798,,,,42
PXD028919,,,,42
PXD031379,,,,42
PXD027158,,,,42
PXD027881,,,,42
PXD002963,,,,43
PXD021683,,,,43
PXD008217,,,,43
PXD002864,,,,44
PXD010471,,,,44
PXD020175,,,,44
PXD022517,,,,44
PXD004741,,,,44
PXD010247,,,,44
PXD013254,,,,44
PXD018980,,,,44
PXD018267,,,,44
PXD016477,,,,44
PXD024026,,,,44
PXD024665,,,,44
PXD024789,,,,44
PXD026875,,,,44
PXD001436,,,,45
PXD001630,,,,45
PXD002129,,,,45
PXD006009,,,,45
PXD011984,,,,45
PXD012407,,,,45
PXD012986,,,,45
PXD000447,,,,45
PXD003952,,,,45
PXD014300,,,,45
PXD017918,,,,45
PXD016448,,,,45
PXD018332,,,,45
PXD016979,,,,45
PXD023684,,,,45
PXD012810,,,,46
PXD011458,,,,46
PXD011474,,,,46
PXD015928,,,,46
PXD025700,,,,46
PXD026895,,,,46
PXD028596,,,,46
PXD013214,,,,47
PXD000791,,,,48
PXD001195,,,,48
PXD001578,,,,48
PXD002759,,,,48
PXD003976,,,,48
PXD005408,,,,48
PXD005632,,,,48
PXD005794,,,,48
PXD005848,,,,48
PXD006213,,,,48
PXD006440,,,,48
PXD006847,,,,48
PXD007634,,,,48
PXD007710,,,,48
PXD011365,,,,48
PXD019317,,,,48
PXD020241,,,,48
PXD020242,,,,48
PXD021201,,,,48
PXD021603,,,,48
PXD021608,,,,48
PXD021609,,,,48
PXD021611,,,,48
PXD007662,,,,48
PXD009604,,,,48
PXD009875,,,,48
PXD013899,,,,48
PXD014121,,,,48
PXD013964,,,,48
PXD015462,,,,48
PXD018999,,,,48
PXD016700,,,,48
PXD019095,,,,48
PXD018374,,,,48
PXD015078,,,,48
PXD017704,,,,48
PXD019825,,,,48
PXD019725,,,,48
PXD019823,,,,48
PXD023940,,,,48
PXD025618,,,,48
PXD029470,,,,48
PXD029490,,,,48
PXD030161,,,,48
PXD029263,,,,48
PXD028484,,,,48
PXD012494,,,,49
PXD012969,,,,49
PXD001002,,,,50
PXD004510,,,,50
PXD005889,,,,50
PXD009818,,,,50
PXD011212,,,,50
PXD012940,,,,50
PXD023389,,,,50
PXD003202,,,,50
PXD022884,,,,50
PXD027327,,,,50
PXD002118,,,,51
PXD004139,,,,51
PXD011183,,,,51
PXD019410,,,,51
PXD000248,,,,51
PXD004576,,,,51
PXD013655,,,,51
PXD026380,,,,51
PXD010600,,,,52
PXD021123,,,,52
PXD022300,,,,52
PXD016330,,,,52
PXD015083,,,,52
PXD027796,,,,52
PXD011501,,,,53
PXD013180,,,,53
PXD019728,,,,53
PXD001403,,,,54
PXD002365,,,,54
PXD002511,,,,54
PXD002593,,,,54
PXD002901,,,error,54
PXD004025,,,,54
PXD004171,,,,54
PXD005359,,,,54
PXD006514,,,,54
PXD010690,,,,54
PXD011171,,,,54
PXD012858,,,,54
PXD021163,,,,54
PXD001767,,,,54
PXD007933,,,,54
PXD009216,,,,54
PXD009918,,,,54
PXD012062,,,,54
PXD015700,,,,54
PXD016442,,,,54
PXD016446,,,,54
PXD028639,,,,54
PXD024423,,,,55
PXD005777,,,,56
PXD021194,,,,56
PXD004219,,,,56
PXD022167,,,,56
PXD024326,,,,56
PXD026192,,,,57
PXD021268,,,,58
PXD009582,,,,58
PXD013874,,,,58
PXD014768,,,,58
PXD000329,,,,59
PXD011320,,,,59
PXD013080,,,,59
PXD000896,,,,60
PXD001344,,,,60
PXD001859,,,,60
PXD002588,,,,60
PXD002606,,,,60
PXD004883,,,,60
PXD006204,,,,60
PXD006598,,,,60
PXD006926,,,,60
PXD010851,,,,60
PXD012796,,,,60
PXD013004,,,,60
PXD020099,,,,60
PXD005894,,,,60
PXD008719,,,,60
PXD008836,,,,60
PXD009103,,,,60
PXD013264,,,,60
PXD014285,,,,60
PXD017119,,,,60
PXD016135,,,,60
PXD016833,,,,60
PXD019839,,,,60
PXD019526,,,,60
PXD021748,,,,60
PXD023449,,,,60
PXD026016,,,,60
PXD031166,,,,60
PXD031262,,,,60
PXD028975,,,,60
PXD004476,,,,61
PXD009978,,,,61
PXD006532,,,,62
PXD009860,,,,62
PXD020438,,,,62
PXD001057,,,,63
PXD001572,,,,63
PXD001926,,,,63
PXD004045,,,,63
PXD007689,,,,63
PXD008952,,,,63
PXD008323,,,,63
PXD008450,,,,63
PXD018602,,,,63
PXD019580,,,,63
PXD001362,,,,64
PXD008845,,,,64
PXD009624,,,,64
PXD016561,,,,64
PXD025888,,,,64
PXD030915,,,,64
PXD021837,,,,65
PXD013282,,,,65
PXD033232,,,,65
PXD002440,,,,66
PXD005107,,,,66
PXD020259,,,,66
PXD002806,,,,66
PXD017442,,,,66
PXD027105,,,,66
PXD027229,,,,66
PXD013112,,,,68
PXD030494,,,,68
PXD002040,,,,69
PXD004636,,,,69
PXD008435,,,,69
PXD001712,,,,70
PXD003425,,,,70
PXD012865,,,,70
PXD021992,,,,70
PXD000156,,,,70
PXD024584,,,,70
PXD002982,,,,71
PXD006413,,,,71
PXD000980,,,,72
PXD001521,,,,72
PXD001997,,,,72
PXD003656,,mouse,error,72
PXD005687,,,,72
PXD005844,,,,72
PXD007153,,,,72
PXD010193,,,,72
PXD010436,,,,72
PXD010786,,,,72
PXD010787,,,,72
PXD011255,,,,72
PXD011974,,,,72
PXD012013,,,,72
PXD012813,,,,72
PXD012963,,,,72
PXD003261,,,,72
PXD004742,,,,72
PXD005995,,,,72
PXD007714,,,,72
PXD007846,,,,72
PXD009074,,,,72
PXD009029,,,,72
PXD008280,,,,72
PXD009253,,,,72
PXD009294,,,,72
PXD009441,,,,72
PXD013174,,,,72
PXD013081,,,,72
PXD014261,,,,72
PXD013891,,,,72
PXD014277,,,,72
PXD016629,,,,72
PXD018873,,,,72
PXD019622,,,,72
PXD019610,,,,72
PXD023024,,,,72
PXD023548,,,,72
PXD025878,,,,72
PXD031817,,,,72
PXD004333,,,,73
PXD003968,,,,74
PXD021661,,,,74
PXD006325,,,,74
PXD022292,,,,74
PXD022329,,,,74
PXD002089,,,,75
PXD011639,,,,75
PXD012961,,,,75
PXD013197,,,,75
PXD017515,,,,75
PXD010487,,,,76
PXD025308,,,,76
PXD029901,,,,76
PXD028584,,,,76
PXD003786,,,,77
PXD008076,,,,77
PXD029039,,,,77
PXD033413,,,,77
PXD002841,,,,78
PXD011159,,mouse,error,78
PXD012501,,,,78
PXD012987,,,,78
PXD020617,,,,78
PXD024317,,,,78
PXD007071,,,,79
PXD024819,,,,79
PXD005949,,,,80
PXD021749,,,,80
PXD004523,,,,80
PXD005058,,,,80
PXD008493,,,,80
PXD010618,,,,80
PXD001119,,,,81
PXD007085,,,,81
PXD007086,,,,81
PXD011029,,,,81
PXD012798,,,,81
PXD013217,,,,81
PXD015817,,,,81
PXD004280,,,,82
PXD011170,,,,82
PXD018757,,,,82
PXD000012,,,,83
PXD013273,,,,84
PXD027867,,,,84
PXD000710,,,,85
PXD003126,,,,85
PXD008647,,,,85
PXD022196,,,,86
PXD000392,,,,86
PXD016964,,,,86
PXD016560,,,,86
PXD033340,,,,86
PXD030782,,,,86
PXD002911,,,,87
PXD003828,,,,87
PXD005901,,,,87
PXD000449,,,,87
PXD006624,,,,87
PXD008818,,,,87
PXD009366,,,,87
PXD017069,,,,87
PXD029833,,,,87
PXD020516,,,,88
PXD006338,,,,88
PXD000164,,,,90
PXD001006,,,,90
PXD003827,,,,90
PXD004064,,,,90
PXD004065,,,,90
PXD006316,,,,90
PXD011329,,,,90
PXD004008,,,,90
PXD004157,,,,90
PXD018053,,,,90
PXD033941,,human,,90
PXD010336,,,,92
PXD003676,,,,93
PXD017150,,,,93
PXD004499,,,,94
PXD012474,,,,94
PXD033256,,,,94
PXD022260,,,,95
PXD001649,,,,96
PXD004415,,,,96
PXD006622,,,,96
PXD009799,,,,96
PXD013890,,,,96
PXD021023,,,,96
PXD000662,,,,96
PXD004257,,,,96
PXD005087,,,,96
PXD006397,,,,96
PXD008553,,,,96
PXD011799,,,,96
PXD022057,,,,96
PXD022074,,,,96
PXD024594,,,,96
PXD025596,,,,96
PXD029979,,,,96
PXD004023,,,,98
PXD003829,,,,99
PXD007772,,,,99
PXD027971,,,,99
PXD014760,,,,100
PXD018603,,,,100
PXD025210,,,,100
PXD000897,,,,101
PXD021991,,,,101
PXD002538,,,,102
PXD004322,,,,102
PXD015057,,,,102
PXD027728,,,,102
PXD006432,,,,104
PXD010920,,,,104
PXD015059,,,,104
PXD001132,,,,105
PXD002050,,,,105
PXD002193,,,,106
PXD000442,,,,106
PXD001072,,,,108
PXD002471,,,,108
PXD010090,,,,108
PXD010770,,,,108
PXD011081,,,,108
PXD014961,,,,108
PXD000391,,,,108
PXD003449,,,,108
PXD005117,,,,108
PXD005341,,,,108
PXD008723,,,,108
PXD009228,,,,108
PXD013093,,,,108
PXD013322,,,,108
PXD013977,,,,108
PXD015060,,,,108
PXD032844,,,,108
PXD030601,,,,108
PXD016225,,,,109
PXD030684,,,,109
PXD011938,,,,110
PXD026953,,,,110
PXD002884,,,,111
PXD012191,,,,111
PXD005755,,,,111
PXD012189,,,,111
PXD004935,,,,112
PXD005734,,,,112
PXD023096,,,,112
PXD000205,,,,112
PXD013321,,,,112
PXD004002,,,,113
PXD013320,,,,113
PXD008041,,,,114
PXD026101,,,,114
PXD020455,,,,116
PXD024990,,,,117
PXD001112,,,,118
PXD020751,,,,118
PXD004958,,,,119
PXD007890,,,,120
PXD011673,,,,120
PXD004027,,,,120
PXD005434,,,,120
PXD007648,,,,120
PXD008920,,,,120
PXD008654,,,,120
PXD018875,,,,120
PXD023702,,,,120
PXD009480,,,,122
PXD014820,,,,122
PXD008698,,,,124
PXD003669,,,,126
PXD005150,,,,126
PXD000301,,,,126
PXD010156,,,,126
PXD005639,,,,128
PXD025597,,,,128
PXD029354,,,,128
PXD000198,,,,130
PXD036556,,Drosophila melanogaster (fruit fly),,130
PXD005440,,,,132
PXD009681,,,,132
PXD017650,,,,132
PXD005721,,,,133
PXD001158,,,,135
PXD002043,,,,135
PXD002042,,,,135
PXD015153,,,,135
PXD013198,,,,137
PXD001172,,,,138
PXD016698,,,,138
PXD008383,,,,140
PXD023978,,,,140
PXD005158,,,,141
PXD005554,,,,142
PXD018968,,,,142
PXD026300,,,,142
PXD004081,,,,144
PXD004683,,,,144
PXD012973,,,,144
PXD020484,,,,144
PXD020485,,,,144
PXD008316,,,,144
PXD008685,,,,144
PXD013765,,,,144
PXD014753,,,,144
PXD019619,,,,144
PXD032800,,,,144
PXD004163,,,,145
PXD021580,,,,146
PXD002085,,,,147
PXD009603,,,,148
PXD002045,,,,150
PXD002049,,,,150
PXD002046,,,,150
PXD002047,,,,150
PXD002044,,,,150
PXD002041,,,,150
PXD002048,,,,150
PXD002083,,,,150
PXD002084,,,,150
PXD002081,,,,150
PXD002082,,,,150
PXD002087,,,,150
PXD002088,,,,150
PXD002080,,,,150
PXD013724,,,,150
PXD013710,,,,150
PXD000682,,,,153
PXD002086,,,,153
PXD003037,,,,156
PXD012178,,,,156
PXD008787,,,,156
PXD013369,,,,156
PXD026781,,,,156
PXD026648,,,,156
PXD026705,,,,156
PXD014607,,,,160
PXD014230,,,,160
PXD017659,,,,160
PXD023588,,,,160
PXD005415,,,,162
PXD006467,,,,162
PXD008701,,,,162
PXD013623,,,,162
PXD015982,,,,162
PXD021241,,,,162
PXD013608,,,,164
PXD013300,,,,165
PXD007664,,,,168
PXD009834,,,,168
PXD009833,,,,168
PXD010264,,,,168
PXD013003,,,,168
PXD017198,,,,168
PXD023878,,,,168
PXD023861,,,,168
PXD007162,,,,169
PXD017514,,,,169
PXD013009,,,,172
PXD009219,,,,174
PXD003674,,,,176
PXD005339,,,,176
PXD030923,,,,176
PXD005726,,,,177
PXD003271,,,,177
PXD008141,,,,177
PXD001213,,,,180
PXD002633,,,,180
PXD008832,,,,180
PXD010911,,,,180
PXD014380,,,,180
PXD017805,,,,180
PXD020903,,,,182
PXD009831,,,,182
PXD005614,,,,184
PXD011141,,,,185
PXD021974,,,,186
PXD023976,,,,186
PXD012188,,,,187
PXD001428,,,,188
PXD002967,,,,189
PXD009832,,,,190
PXD014552,,,,190
PXD015772,,,,191
PXD006033,,,,192
PXD006436,,,,192
PXD009096,,,,192
PXD013196,,,,192
PXD018704,,,,192
PXD000322,,,,193
PXD017943,,,,198
PXD017993,,,,198
PXD028963,,,,198
PXD000854,,,,199
PXD011629,,,,202
PXD014780,,,,206
PXD014754,,,,207
PXD003718,,,,209
PXD010891,,,,210
PXD002986,,,,216
PXD001928,,,,216
PXD004649,,,,216
PXD005851,,,,216
PXD005897,,,,219
PXD006320,,,,222
PXD009712,,,,222
PXD004896,,,,225
PXD000393,,,,226
PXD002781,,,,228
PXD009682,,,,228
PXD002681,,,,230
PXD010995,,,,234
PXD010000,,,,235
PXD013213,,,,239
PXD003473,,,,240
PXD003556,,,,240
PXD007137,,,,240
PXD011181,,,,240
PXD000997,,,,242
PXD008737,,,,242
PXD010271,,,,252
PXD009493,,,,255
PXD028802,,,,258
PXD006618,,,,261
PXD007748,,,,264
PXD009549,,,,264
PXD011401,,,,264
PXD000579,,,,265
PXD022954,,,,266
PXD003534,,,,267
PXD011431,,,,267
PXD017862,,,,267
PXD002486,,,,269
PXD023010,,,,276
PXD016930,,,,279
PXD019591,,,,288
PXD025351,,,,290
PXD015485,,,,294
PXD016697,,,,294
PXD004785,,,,300
PXD005292,,,,300
PXD009640,,,,300
PXD019912,,,,300
PXD021422,,,,308
PXD003285,,,,315
PXD018079,,,,315
PXD004825,,,,318
PXD004596,,,,339
PXD007255,,,,342
PXD004583,,,,348
PXD009902,,,,351
PXD009025,,,,358
PXD017260,,,,362
PXD014617,,,,369
PXD000390,,,,375
PXD029122,,,,376
PXD000780,,,,390
PXD010357,,,,408
PXD005295,,,,426
PXD008613,,,,432
PXD020020,,,,436
PXD022694,,,,440
PXD014648,,,,441
PXD001386,,,,442
PXD017596,,,,468
PXD015883,,Chlamydia trachomatis serovar l2 (strain 434/bu / atcc vr-902b),,471
PXD015890,,human,,471
PXD012200,,Odontotaenius disjunctus,,483
PXD019643,0,human,error,483
PXD003267,,Manduca sexta (tobacco hawkmoth) (tobacco hornworm),,486
PXD016002,70903,human,done,504
PXD002078,,Arion vulgaris,,513
PXD001212,0,mouse,error,516
PXD012752,,Vipera ammodytes ammodytes,,528
PXD005520,2378,human,,540
PXD019911,,Unclassified bacteria,,540
PXD016705,132184,human,,549
PXD007588,,Mycobacterium tuberculosis h37rv,,552
PXD000320,,Shewanella oneidensis (strain mr-1),,560
PXD015727,,mouse,,573
PXD004682,178555,human,done,576
PXD017271,,mouse,,576
PXD001199,,Pseudomonas aeruginosa pao1,,600
PXD008675,,Environmental samples,,641
PXD009614,,Staphylococcus aureus,,648
PXD008267,,human,,657
PXD016669,,Escherichia coli,,710
PXD002424,,human,,720
PXD000225,,human,,770
PXD000323,,Shewanella oneidensis (strain mr-1),,771
PXD012179,,human,,774
PXD009852,,Schmidtea mediterranea (freshwater planarian flatworm),,777
PXD011042,,multi-species,,780
PXD015943,0,human,error,846
PXD009350,0,human,error,954
PXD006537,0,human,error,982
PXD000324,,Shewanella oneidensis (strain mr-1),,987
PXD000321,,Shewanella oneidensis (strain mr-1),,993
PXD009649,,Schizosaccharomyces pombe,,1309
PXD001640,,Escherichia coli str. k-12 substr. mg1655,,1320
PXD001945,0,human,error,1425
PXD011924,,Salvelinus namaycush,,1432
PXD008895,0,Environmental samples,error,1724
PXD010429,494079,human,done,2088
PXD006247,,Escherichia coli (strain k12 / w3110 / atcc 27325 / dsm 5911),,2782
PXD009489,0,Mycobacterium tuberculosis,error,3321
PXD003269,,,,
PXD003292,,,,
PXD003326,,,,
PXD003335,,,,
PXD003348,,,,
PXD003349,,,,
PXD003364,,,,
PXD003378,,,,
PXD003383,,,,
PXD003435,,,,
PXD003466,,,,
PXD006769,,,,
PXD010115,,,,
PXD012487,,,,
PXD021216,,,,
PXD021543,,,,
PXD021917,,,,
PXD022816,,,,
PXD025279,,,,
PXD002071,,,,
PXD002075,,,,
PXD002220,,,,
PXD002313,,,,
PXD002354,,,,
PXD003139,,,,
PXD003149,,,,
PXD003176,,,,
PXD003196,,,,
PXD003215,,,,
PXD003224,,,,
PXD003226,,,,